candidate,severity,target,judge,layout,connectivity,presence,details,legibility,overall
baseline,original,,svg,100.0,100.0,100.0,100.0,100.0,100.0
baseline,original,,gpt,100.0,90.0,100.0,100.0,100.0,96.00000000000001
baseline,original,,combined,100.0,95.0,100.0,100.0,100.0,98.0
layout_partial,partial,layout,svg,50.0,100.0,100.0,100.0,100.0,95.0
layout_partial,partial,layout,gpt,50.0,90.0,100.0,100.0,100.0,91.0
layout_partial,partial,layout,combined,50.0,95.0,100.0,100.0,100.0,93.0
connectivity_partial,partial,connectivity,svg,100.0,70.0,100.0,100.0,100.0,88.0
connectivity_partial,partial,connectivity,gpt,100.0,70.0,100.0,100.0,100.0,88.0
connectivity_partial,partial,connectivity,combined,100.0,70.0,100.0,100.0,100.0,88.0
presence_partial,partial,presence,svg,100.0,90.0,81.81818181818183,100.0,100.0,92.36363636363637
presence_partial,partial,presence,gpt,100.0,90.0,81.81818181818183,100.0,100.0,92.36363636363637
presence_partial,partial,presence,combined,100.0,90.0,81.81818181818183,100.0,100.0,92.36363636363637
details_partial,partial,details,svg,100.0,100.0,100.0,72.72727272727273,100.0,97.27272727272728
details_partial,partial,details,gpt,100.0,100.0,100.0,72.72727272727273,100.0,97.27272727272728
details_partial,partial,details,combined,100.0,100.0,100.0,72.72727272727273,100.0,97.27272727272728
legibility_partial,partial,legibility,svg,100.0,100.0,100.0,100.0,66.66666666666666,93.33333333333333
legibility_partial,partial,legibility,gpt,100.0,90.0,100.0,100.0,66.66666666666666,89.33333333333334
legibility_partial,partial,legibility,combined,100.0,95.0,100.0,100.0,66.66666666666666,91.33333333333333
layout_severe,severe,layout,svg,0.0,100.0,100.0,100.0,100.0,90.0
layout_severe,severe,layout,gpt,0.0,50.0,100.0,90.9090909090909,100.0,69.0909090909091
layout_severe,severe,layout,combined,0.0,75.0,100.0,95.45454545454545,100.0,79.54545454545455
connectivity_severe,severe,connectivity,svg,100.0,0.0,100.0,100.0,100.0,60.00000000000001
connectivity_severe,severe,connectivity,gpt,100.0,0.0,100.0,100.0,100.0,60.00000000000001
connectivity_severe,severe,connectivity,combined,100.0,0.0,100.0,100.0,100.0,60.00000000000001
presence_severe,severe,presence,svg,100.0,0.0,0.0,,100.0,33.333333333333336
presence_severe,severe,presence,gpt,100.0,0.0,0.0,,100.0,33.333333333333336
presence_severe,severe,presence,combined,100.0,0.0,0.0,,100.0,33.333333333333336
details_severe,severe,details,svg,100.0,100.0,100.0,18.181818181818183,100.0,91.81818181818183
details_severe,severe,details,gpt,100.0,90.0,100.0,9.090909090909092,100.0,86.9090909090909
details_severe,severe,details,combined,100.0,95.0,100.0,13.636363636363635,100.0,89.36363636363637
legibility_severe,severe,legibility,svg,100.0,100.0,100.0,100.0,0.0,80.0
legibility_severe,severe,legibility,gpt,100.0,90.0,100.0,0.0,0.0,66.0
legibility_severe,severe,legibility,combined,100.0,95.0,100.0,50.0,0.0,73.0
