id,file,difficulty,source,caption
D01,../../diagrams/images/diagramgen/e734f2c8-f73e-4aad-bffd-2ea40a85530a.png,easy,DiagramGen e734f2c8-f73e-4aad-bffd-2ea40a85530a (diagramgen_balanced_99/easy_19: Basic block sequence),"How can I use DOT to create a control flow graph diagram that represents a function with multiple basic blocks (BB0, BB1, BB2, BB3), showing the flow of execution and labeling each block with specific instructions and parameters? I need the diagram to clearly illustrate the sequence of operations and the relationships between different blocks.

Specifically, I want to start with a basic block labeled ""BB0"" that serves as the entry point of the function. Following this, I need a block ""BB1"" that includes detailed instructions such as parameter handling for `p`, a call to `	kfree`, and subsequent parameter handling for `p`, `w`, and another unspecified parameter, followed by a call to another function named `contrived`.

Next, I require a block ""BB2"" that shows the return value being assigned to a variable `r` and another operation where `w1` is assigned the value pointed to by `w`. Finally, I need a block ""BB3"" that represents the end or exit point of the function.

Each block should be connected by directed edges to indicate the flow of execution, starting from BB0 to BB1, then from BB1 to BB2, and finally from BB2 to BB3. I also want to include a title for the entire graph that describes the function, such as ""int contrived_caller(int *w, int x, int *p)"".

Additionally, I would like to customize the appearance of the nodes to use a ""record"" shape for better readability and to ensure that the labels within each block are neatly organized and easy to follow. The layout should be intuitive, making it straightforward to trace the execution path and understand the function's logic.

Furthermore, I want to ensure that the diagram is visually appealing and can be easily integrated into documentation or presentations, providing a clear and concise representation of the control flow within the function. Any tips on optimizing the layout for clarity and ensuring that the diagram scales well for different sizes would also be appreciated."
D02,../../diagrams/images/diagramgen/80d9f82c-93e0-4180-905e-f409f55d42ae.png,easy,DiagramGen 80d9f82c-93e0-4180-905e-f409f55d42ae (diagramgen_balanced_99/easy_23: Single decision process),"How can I use the DOT language to create a directed graph that effectively represents a decision-making process with clearly labeled nodes and edges? The graph should include a designated start and end node, multiple decision points with various choices, and paths that accurately reflect the chosen options. Specifically, I would like the start and end nodes to be distinctly marked with a green fill color and labeled as ""Start"" and ""End"" respectively. 

For the decision-making process, I need to include intermediate nodes that represent different stages. The first node, labeled ""Node #1,"" should indicate a straightforward path with no branching. Following this, I want a decision node, labeled ""Node #2,"" which presents a question and offers multiple choices. This node should be highlighted with a yellow fill color to emphasize the decision point.

From ""Node #2,"" the graph should branch into two paths based on the user's choice. One path should lead to ""Node #3a,"" labeled to indicate that the user chose ""YES,"" and the other path should lead to ""Node #3b,"" labeled to indicate that the user chose ""NO."" Both of these nodes should clearly reflect the decision made at ""Node #2.""

Afterward, both ""Node #3a"" and ""Node #3b"" should converge at ""Node #4,"" labeled as ""Finish node #4,"" which represents the final step before reaching the end. Each edge leading from the decision node to the subsequent nodes should be labeled with the corresponding choice (""YES"" or ""NO"") to make the decision paths explicitly clear.

Additionally, I want to ensure that the overall layout of the graph is visually coherent and easy to follow, with nodes and edges arranged in a logical sequence that aids in understanding the decision-making process. The graph should be designed to be both informative and visually appealing, making it suitable for presentations or documentation where clarity and ease of interpretation are crucial."
D03,../../diagrams/images/diagramgen/f3be07c1-7e40-4dc0-8070-627322958879.png,medium,DiagramGen f3be07c1-7e40-4dc0-8070-627322958879 (diagramgen_balanced_99/medium_05: Iterative parameter estimation),"How can I use DOT to create a detailed flowchart that includes various steps such as parameter estimation and error computation, with decision points and loops indicated by different shapes and labeled edges? I want to ensure that each step in the process is clearly represented and interconnected, with specific labels and conditions for decision-making.

Specifically, I would like to start with a step labeled ""Parameter Estimation,"" followed by a series of computational steps like ""Compute Sth."" repeated twice, and then ""Compute Error Value 1."" After this, another ""Parameter Estimation"" step should be included, leading to a decision point labeled ""Check Error Value 1,"" which should be represented by a diamond shape. Based on the outcome of this decision, the flow should either proceed to ""Compute Error Value 2"" or loop back to the initial ""Parameter Estimation"" step if the error value is less than or equal to a predefined threshold \( \epsilon_1 \).

Following ""Compute Error Value 2,"" there should be another decision point labeled ""Check Error Value 2,"" also represented by a diamond shape. Depending on this decision, the flow should either proceed to the ""End"" step or loop back to the first ""Parameter Estimation"" step if the error value is less than or equal to another predefined threshold \( \epsilon_2 \).

I want to ensure that all edges connecting these steps are clearly labeled with the conditions for decision-making, such as ""Error 1 \leq \epsilon_1"" and ""Error 2 \leq \epsilon_2."" Additionally, I would like the flowchart to have a clean, orthogonal layout to make the flow of the process easy to follow and understand. The nodes should be of a consistent size, and the decision points should be distinctly shaped to differentiate them from the other steps. This detailed representation will help in visualizing the iterative and conditional nature of the process, making it clear how the steps are interconnected and how decisions affect the flow of the process."
D04,../../diagrams/images/diagramgen/df5e4193-1c7c-48f3-a257-e88cdb8cf973.png,medium,DiagramGen df5e4193-1c7c-48f3-a257-e88cdb8cf973 (diagramgen_balanced_99/medium_33: Tweet classification pipeline),"How can I use LaTeX and TikZ to create a flowchart that illustrates the process of classifying social networking posts? The diagram should include nodes for textual preprocessing, statistical preprocessing, a classifier model, classified tweets, and separate rankings for needy and availability tweets, with arrows indicating the flow of data between these nodes. Specifically, I want to start with a node labeled ""Social Networking Post"" as the initial input. From this node, the flow should branch into two separate paths: one leading to a node titled ""Textual Preprocessing"" and the other to a node titled ""Statistical Preprocessing."" Both of these preprocessing nodes should then converge into a central node labeled ""Classifier Model,"" which processes the preprocessed data. The output of the classifier model should flow into a node titled ""Classified Tweets."" From this node, the flow should further diverge into two distinct ranking nodes: one labeled ""Needy Tweet Rank"" and the other labeled ""Availability Tweet Rank."" I would like to use solid arrows to represent the primary data flow and dotted arrows to indicate the secondary flow to the ranking nodes, to visually distinguish between direct processing steps and subsequent classification outcomes. Additionally, I want to ensure that each node has a consistent and visually appealing style, with a minimum height of 0.5 cm and thin borders, and that the overall layout is scaled appropriately to fit within a conference paper format. The positioning of the nodes should be intuitive, with ""Textual Preprocessing"" and ""Statistical Preprocessing"" nodes placed above and below the initial input node, respectively, and the classifier model positioned to clearly show the convergence of the preprocessing steps. The final diagram should be clear, concise, and easy to follow, effectively communicating the sequence and relationships of the classification process for social networking posts."
D05,../../diagrams/images/diagramgen/61dddb8e-7fd7-430e-90b6-c88e26c74655.png,hard,DiagramGen 61dddb8e-7fd7-430e-90b6-c88e26c74655 (diagramgen_balanced_99/hard_05: Dense neural network),"How can I use LaTeX and TikZ to create a detailed diagram that represents a network of neurons with multiple layers, where each neuron is labeled with a unique number and some connections have specific labels? The diagram should include transitions between neurons indicated by arrows and have a clear and organized layout of layers.

Specifically, I want to create a diagram with three distinct layers of neurons. The first layer should contain 5 neurons, labeled from 1 to 5, arranged vertically. The second layer should have 3 neurons, labeled from 6 to 8, positioned to the right of the first layer. The third layer should include 4 neurons, labeled from 9 to 12, placed to the right of the second layer.

Each neuron should be represented as a circle with a minimum size of 20pt, and the connections between neurons should be depicted using thick arrows. Some of these connections need to have specific labels, such as ""61"" and ""85,"" placed midpoint along the arrow and sloped appropriately.

Additionally, I want to ensure that the layout is visually appealing and easy to follow, with neurons in each layer aligned properly and transitions clearly indicated. The overall scale of the diagram should be set to 2 to enhance readability.

Furthermore, I would like to customize the appearance of the neurons and transitions, ensuring that the neurons are drawn with a distinct style and the transitions are marked with a consistent arrow style. The final diagram should be encapsulated within a preview environment to control the border and ensure that the entire diagram is visible when compiled.

In summary, I am looking for a comprehensive guide on how to structure the TikZ code to achieve this multi-layered neuron network diagram, with specific attention to labeling, layout, and visual customization to make the diagram both informative and aesthetically pleasing."
D06,../../diagrams/images/diagramgen/b00b1765-f372-4906-95f0-063dc8ad583d.png,hard,DiagramGen b00b1765-f372-4906-95f0-063dc8ad583d (diagramgen_balanced_99/hard_33: Vehicle model architecture),"How can I use TikZ to create a detailed and visually distinct diagram that represents various modules and parameters in a vehicle system? The diagram should be structured with nodes on the left side representing input parameters, central nodes depicting different modules, and nodes on the right side indicating output parameters, with arrows clearly showing the flow of information between them.

Specifically, I want the left side to include nodes for parameters such as Vehicle Age, Fan Strength, Vehicle Speed, Cabin Volume, Fraction of Recirculation, Ambient \(CO_2\) Concentration, and Occupant Parameters. Each of these nodes should have a standard style with a specific text width and alignment.

For the central part of the diagram, I need nodes that represent different modules: Air Exchange Rate Determination, Carbon Dioxide Built-in Module, Vehicle Cabin Module, and HVAC Module. These nodes should have a distinct rounded style with different colors (e.g., dark green for Air Exchange Rate Determination, dark blue for Carbon Dioxide Built-in Module, dark red for Vehicle Cabin Module, and a custom green for HVAC Module) to easily distinguish between them. Each module node should also have a defined text width, minimum height, and font style.

On the right side, I want nodes for the output parameters: Output \(CO_2\) Concentration, Thermal Environment, and Compressor Load. These nodes should have a specific style with text width and alignment, but without a border.

Additionally, I need a dashed fitting node to group some of the input parameters together, making it clear which parameters are related. The arrows indicating the flow of information should be styled with different colors corresponding to the modules they connect to, and some arrows should be dashed to represent different types of connections.

I also want to include auxiliary coordinates to help position the arrows accurately, ensuring a clean and organized layout. The overall layout should be flexible, allowing for adjustments in node distances and positioning to create a visually appealing and easy-to-understand diagram that intuitively presents the relationships and information flow within the vehicle system."
