number,id,category,status,overall_0_100,layout_0_100,connectivity_0_100,presence_0_100,details_0_100,legibility_0_100
1,b718d505-54fa-474a-9186-048370b30948,model architecture diagram,complete,96.66666666666667,66.66666666666666,100.0,100.0,100.0,100.0
2,76eed3be-3b18-4a50-ba20-08597c0c81dd,model architecture diagram,complete,57.99999999999999,0.0,,24.0,100.0,100.0
3,ebbde9f1-f8cc-409f-b106-296dfc45d611,model architecture diagram,complete,89.61111111111111,94.44444444444446,90.0,100.0,66.66666666666666,87.5
4,e8731f01-6333-458a-9fee-7480475821f8,model architecture diagram,complete,81.94444444444444,91.66666666666666,,50.0,100.0,100.0
5,f3be07c1-7e40-4dc0-8070-627322958879,flowchart,complete,89.91919191919193,66.66666666666666,85.9090909090909,100.0,88.88888888888889,100.0
6,34fdbbd1-d8f8-45e4-a9aa-46f36ff287f8,flowchart,complete,100.0,100.0,100.0,100.0,100.0,100.0
7,80d9f82c-93e0-4180-905e-f409f55d42ae,flowchart,complete,92.85714285714286,100.0,100.0,100.0,28.57142857142857,100.0
8,d10a1cbf-8aef-43a1-ac8c-68acc1482c37,flowchart,complete,73.33333333333334,86.66666666666667,36.66666666666667,100.0,100.0,100.0
9,0f37e4dd-1e95-4a0d-9284-210c778c5d74,directed graph,complete,95.0,100.0,87.5,100.0,100.0,100.0
10,ac8b0fb8-9bcf-4d09-8f45-c5a5db5cf5c6,directed graph,complete,89.41176470588236,100.0,100.0,100.0,94.11764705882352,50.0
